{"cameraMode":{"drawMode":0,"name":"Shaded","section":"Shading Mode"},"sceneLighting":true,"audioPlay":false,"sceneViewState":{"showFog":true,"showMaterialUpdate":false,"showSkybox":true,"showFlares":true,"showImageEffects":true,"showParticleSystems":true},"in2DMode":false,"pivot":{"x":-4.813214302062988,"y":23.78097152709961,"z":-19.58123016357422},"rotation":{"x":0.4029349684715271,"y":0.11890062689781189,"z":-0.05288393050432205,"w":0.9059301018714905},"size":7.5680952072143559,"orthographic":true}